event,goalie_in_id,goalie_out_id,period_id,time,team_code,s,team_id,goalie_in_info.player_id,goalie_in_info.jersey_number,goalie_in_info.team_id,goalie_in_info.team_code,goalie_in_info.first_name,goalie_in_info.last_name,id,period,time_formatted,home_player_id,visitor_player_id,home_win,location_id,x_location,y_location,win_team_id,player_home.player_id,player_home.jersey_number,player_home.team_id,player_home.team_code,player_home.first_name,player_home.last_name,player_visitor.player_id,player_visitor.jersey_number,player_visitor.team_id,player_visitor.team_code,player_visitor.first_name,player_visitor.last_name,home,player_id,hit_type,hitter.player_id,hitter.jersey_number,hitter.team_id,hitter.team_code,hitter.first_name,hitter.last_name,goalie_id,shot_type,shot_type_description,shot_quality_description,quality,game_goal_id,player_team_id,goalie_team_id,assist1_player_id,assist2_player_id,goal_type_name,player.player_id,player.jersey_number,player.team_id,player.team_code,player.first_name,player.last_name,goalie.player_id,goalie.jersey_number,goalie.team_id,goalie.team_code,goalie.first_name,goalie.last_name,goal_type,goal_player_id,location_set,power_play,empty_net,penalty_shot,short_handed,insurance_goal,game_winning,game_tieing,scorer_goal_num,plus,minus,goal_scorer.player_id,goal_scorer.jersey_number,goal_scorer.team_id,goal_scorer.team_code,goal_scorer.first_name,goal_scorer.last_name,assist1_player.player_id,assist1_player.jersey_number,assist1_player.team_id,assist1_player.team_code,assist1_player.first_name,assist1_player.last_name,assist2_player.player_id,assist2_player.jersey_number,assist2_player.team_id,assist2_player.team_code,assist2_player.first_name,assist2_player.last_name,player_served,offence,pp,time_off_formatted,bench,minutes,minutes_formatted,penalty_class_id,penalty_class,lang_penalty_description,player_penalized_info.player_id,player_penalized_info.jersey_number,player_penalized_info.team_id,player_penalized_info.team_code,player_penalized_info.first_name,player_penalized_info.last_name,player_served_info.player_id,player_served_info.jersey_number,player_served_info.team_id,player_served_info.team_code,player_served_info.first_name,player_served_info.last_name,goalie_out_info.player_id,goalie_out_info.jersey_number,goalie_out_info.team_id,goalie_out_info.team_code,goalie_out_info.first_name,goalie_out_info.last_name
goalie_change,23743,,1,0:00,Gat,0,12,23743,90,12,Gat,Danai,Shaiikov,,,,,,,,,,,,,,,,,,,,,,,,,,,,,,,,,,,,,,,,,,,,,,,,,,,,,,,,,,,,,,,,,,,,,,,,,,,,,,,,,,,,,,,,,,,,,,,,,,,,,,,,,,,,,,,,,
goalie_change,21388,,1,0:00,Mon,0,1,21388,35,1,Mon,Jacoby,Weiner,,,,,,,,,,,,,,,,,,,,,,,,,,,,,,,,,,,,,,,,,,,,,,,,,,,,,,,,,,,,,,,,,,,,,,,,,,,,,,,,,,,,,,,,,,,,,,,,,,,,,,,,,,,,,,,,,
faceoff,,,,00:00:00,,0,,,,,,,,1,1,0:00,20414,22097,1,5,300.0,150.0,1,20414,14,1,Mon,Teddy,Mutryn,22097,72,12,Gat,Nicholas,Petrut,,,,,,,,,,,,,,,,,,,,,,,,,,,,,,,,,,,,,,,,,,,,,,,,,,,,,,,,,,,,,,,,,,,,,,,,,,,,,,,,,,,,,,,,,,,
hit,,,,00:00:03,,3,12,,,,,,,349252,1,0:03,,,,,226.0,9.0,,,,,,,,,,,,,,0,19705,1,19705,6,12,Gat,Alexandre,Carbonneau,,,,,,,,,,,,,,,,,,,,,,,,,,,,,,,,,,,,,,,,,,,,,,,,,,,,,,,,,,,,,,,,,,,,,,,,,,,,,,,,,,
shot,,,1,00:24,,24,1,,,,,,,690402,,0:24,,,,,86.0,111.0,,,,,,,,,,,,,,1,20414,,,,,,,,23743,5,Default,Quality goal,5,246964,1,12,23424,19528,,20414,14,1,Mon,Teddy,Mutryn,23743,90,12,Gat,Danai,Shaiikov,,,,,,,,,,,,,,,,,,,,,,,,,,,,,,,,,,,,,,,,,,,,,,,,,,,,,,,,,,,
goal,,,1,0:24,,24,1,,,,,,,246964,1st,0:24,,,,,86.0,111.0,,,,,,,,,,,,,,1,,,,,,,,,,,,,,,,,23424,19528,,,,,,,,,,,,,,,20414,0,0,0,0,0,0,1,0,18,"[{'player_id': '20414', 'jersey_number': '14', 'team_id': '1', 'team_code': 'Mon', 'first_name': 'Teddy', 'last_name': 'Mutryn'}, {'player_id': '23895', 'jersey_number': '16', 'team_id': '1', 'team_code': 'Mon', 'first_name': 'Tommy', 'last_name': 'Bleyl'}, {'player_id': '19127', 'jersey_number': '20', 'team_id': '1', 'team_code': 'Mon', 'first_name': 'Preston', 'last_name': 'Lounsbury'}, {'player_id': '19528', 'jersey_number': '24', 'team_id': '1', 'team_code': 'Mon', 'first_name': 'Adam', 'last_name': 'Fortier-Gendron'}, {'player_id': '23424', 'jersey_number': '71', 'team_id': '1', 'team_code': 'Mon', 'first_name': 'Grayden', 'last_name': 'Robertson-Palmer'}]","[{'player_id': '19705', 'jersey_number': '6', 'team_id': '12', 'team_code': 'Gat', 'first_name': 'Alexandre', 'last_name': 'Carbonneau'}, {'player_id': '19103', 'jersey_number': '13', 'team_id': '12', 'team_code': 'Gat', 'first_name': 'Jérémie', 'last_name': 'Dumas-Larouche'}, {'player_id': '20508', 'jersey_number': '18', 'team_id': '12', 'team_code': 'Gat', 'first_name': 'Gabriel', 'last_name': 'Séguin'}, {'player_id': '22097', 'jersey_number': '72', 'team_id': '12', 'team_code': 'Gat', 'first_name': 'Nicholas', 'last_name': 'Petrut'}, {'player_id': '21290', 'jersey_number': '86', 'team_id': '12', 'team_code': 'Gat', 'first_name': 'Maxim', 'last_name': 'Dubé'}]",20414,14,1,Mon,Teddy,Mutryn,23424,71,1,Mon,Grayden,Robertson-Palmer,19528,24,1,Mon,Adam,Fortier-Gendron,,,,,,,,,,,,,,,,,,,,,,,,,,,,
faceoff,,,,00:00:24,,24,,,,,,,,1,1,0:24,20164,21292,1,5,300.0,150.0,1,20164,18,1,Mon,Caleb,Desnoyers,21292,91,12,Gat,Simon-Xavier,Cyr,,,,,,,,,,,,,,,,,,,,,,,,,,,,,,,,,,,,,,,,,,,,,,,,,,,,,,,,,,,,,,,,,,,,,,,,,,,,,,,,,,,,,,,,,,,
hit,,,,00:00:40,,40,12,,,,,,,349253,1,0:40,,,,,594.0,128.0,,,,,,,,,,,,,,0,21321,1,21321,71,12,Gat,Alex,Dagenais,,,,,,,,,,,,,,,,,,,,,,,,,,,,,,,,,,,,,,,,,,,,,,,,,,,,,,,,,,,,,,,,,,,,,,,,,,,,,,,,,,
faceoff,,,,00:00:50,,50,,,,,,,,1,1,0:50,20414,21292,1,8,457.0,49.0,1,20414,14,1,Mon,Teddy,Mutryn,21292,91,12,Gat,Simon-Xavier,Cyr,,,,,,,,,,,,,,,,,,,,,,,,,,,,,,,,,,,,,,,,,,,,,,,,,,,,,,,,,,,,,,,,,,,,,,,,,,,,,,,,,,,,,,,,,,,
hit,,,,00:01:13,,73,1,,,,,,,349254,1,1:13,,,,,536.0,11.0,,,,,,,,,,,,,,1,23995,1,23995,15,1,Mon,Matthew,Virgilio,,,,,,,,,,,,,,,,,,,,,,,,,,,,,,,,,,,,,,,,,,,,,,,,,,,,,,,,,,,,,,,,,,,,,,,,,,,,,,,,,,
faceoff,,,,00:01:28,,88,,,,,,,,1,1,1:28,20164,21292,1,2,100.0,206.0,1,20164,18,1,Mon,Caleb,Desnoyers,21292,91,12,Gat,Simon-Xavier,Cyr,,,,,,,,,,,,,,,,,,,,,,,,,,,,,,,,,,,,,,,,,,,,,,,,,,,,,,,,,,,,,,,,,,,,,,,,,,,,,,,,,,,,,,,,,,,
shot,,,1,03:38,,218,1,,,,,,,690403,,3:38,,,,,62.0,164.0,,,,,,,,,,,,,,1,19090,,,,,,,,23743,5,Default,Quality on net,1,,1,12,,,,19090,10,1,Mon,Alex,Mercier,23743,90,12,Gat,Danai,Shaiikov,,,,,,,,,,,,,,,,,,,,,,,,,,,,,,,,,,,,,,,,,,,,,,,,,,,,,,,,,,,
faceoff,,,,00:03:39,,219,,,,,,,,1,1,3:39,19625,22097,0,2,100.0,206.0,12,19625,23,1,Mon,Riley,Sampson,22097,72,12,Gat,Nicholas,Petrut,,,,,,,,,,,,,,,,,,,,,,,,,,,,,,,,,,,,,,,,,,,,,,,,,,,,,,,,,,,,,,,,,,,,,,,,,,,,,,,,,,,,,,,,,,,
shot,,,1,03:57,,237,12,,,,,,,690404,,3:57,,,,,476.0,95.0,,,,,,,,,,,,,,0,22097,,,,,,,,21388,5,Default,Quality on net,1,,12,1,,,,22097,72,12,Gat,Nicholas,Petrut,21388,35,1,Mon,Jacoby,Weiner,,,,,,,,,,,,,,,,,,,,,,,,,,,,,,,,,,,,,,,,,,,,,,,,,,,,,,,,,,,
shot,,,1,04:08,,248,1,,,,,,,690405,,4:08,,,,,82.0,154.0,,,,,,,,,,,,,,1,19625,,,,,,,,23743,5,Default,Quality on net,1,,1,12,,,,19625,23,1,Mon,Riley,Sampson,23743,90,12,Gat,Danai,Shaiikov,,,,,,,,,,,,,,,,,,,,,,,,,,,,,,,,,,,,,,,,,,,,,,,,,,,,,,,,,,,
hit,,,,00:04:13,,253,1,,,,,,,349255,1,4:13,,,,,7.0,148.0,,,,,,,,,,,,,,1,23424,1,23424,71,1,Mon,Grayden,Robertson-Palmer,,,,,,,,,,,,,,,,,,,,,,,,,,,,,,,,,,,,,,,,,,,,,,,,,,,,,,,,,,,,,,,,,,,,,,,,,,,,,,,,,,
hit,,,,00:04:31,,271,12,,,,,,,349256,1,4:31,,,,,309.0,295.0,,,,,,,,,,,,,,0,19103,1,19103,13,12,Gat,Jérémie,Dumas-Larouche,,,,,,,,,,,,,,,,,,,,,,,,,,,,,,,,,,,,,,,,,,,,,,,,,,,,,,,,,,,,,,,,,,,,,,,,,,,,,,,,,,
faceoff,,,,00:05:21,,321,,,,,,,,1,1,5:21,19539,21292,0,2,100.0,206.0,12,19539,9,1,Mon,Gabe,Smith,21292,91,12,Gat,Simon-Xavier,Cyr,,,,,,,,,,,,,,,,,,,,,,,,,,,,,,,,,,,,,,,,,,,,,,,,,,,,,,,,,,,,,,,,,,,,,,,,,,,,,,,,,,,,,,,,,,,
shot,,,1,05:27,,327,1,,,,,,,690406,,5:27,,,,,211.0,52.0,,,,,,,,,,,,,,1,19090,,,,,,,,23743,5,Default,Non quality on net,2,,1,12,,,,19090,10,1,Mon,Alex,Mercier,23743,90,12,Gat,Danai,Shaiikov,,,,,,,,,,,,,,,,,,,,,,,,,,,,,,,,,,,,,,,,,,,,,,,,,,,,,,,,,,,
shot,,,1,05:47,,347,1,,,,,,,690407,,5:47,,,,,83.0,142.0,,,,,,,,,,,,,,1,19090,,,,,,,,23743,5,Default,Quality on net,1,,1,12,,,,19090,10,1,Mon,Alex,Mercier,23743,90,12,Gat,Danai,Shaiikov,,,,,,,,,,,,,,,,,,,,,,,,,,,,,,,,,,,,,,,,,,,,,,,,,,,,,,,,,,,
faceoff,,,,00:05:49,,349,,,,,,,,1,1,5:49,20164,21290,1,1,100.0,49.0,1,20164,18,1,Mon,Caleb,Desnoyers,21290,86,12,Gat,Maxim,Dubé,,,,,,,,,,,,,,,,,,,,,,,,,,,,,,,,,,,,,,,,,,,,,,,,,,,,,,,,,,,,,,,,,,,,,,,,,,,,,,,,,,,,,,,,,,,
shot,,,1,05:55,,355,1,,,,,,,690408,,5:55,,,,,201.0,248.0,,,,,,,,,,,,,,1,23761,,,,,,,,23743,5,Default,Non quality on net,2,,1,12,,,,23761,2,1,Mon,Max,Vilen,23743,90,12,Gat,Danai,Shaiikov,,,,,,,,,,,,,,,,,,,,,,,,,,,,,,,,,,,,,,,,,,,,,,,,,,,,,,,,,,,
shot,,,1,06:07,,367,1,,,,,,,690409,,6:07,,,,,212.0,27.0,,,,,,,,,,,,,,1,19555,,,,,,,,23743,5,Default,Non quality on net,2,,1,12,,,,19555,44,1,Mon,Evan,Dépatie,23743,90,12,Gat,Danai,Shaiikov,,,,,,,,,,,,,,,,,,,,,,,,,,,,,,,,,,,,,,,,,,,,,,,,,,,,,,,,,,,
faceoff,,,,00:06:10,,370,,,,,,,,1,1,6:10,23749,22097,0,2,100.0,206.0,12,23749,27,1,Mon,Kuzma,Voronin,22097,72,12,Gat,Nicholas,Petrut,,,,,,,,,,,,,,,,,,,,,,,,,,,,,,,,,,,,,,,,,,,,,,,,,,,,,,,,,,,,,,,,,,,,,,,,,,,,,,,,,,,,,,,,,,,
hit,,,,00:06:14,,374,1,,,,,,,349257,1,6:14,,,,,339.0,3.0,,,,,,,,,,,,,,1,20164,1,20164,18,1,Mon,Caleb,Desnoyers,,,,,,,,,,,,,,,,,,,,,,,,,,,,,,,,,,,,,,,,,,,,,,,,,,,,,,,,,,,,,,,,,,,,,,,,,,,,,,,,,,
hit,,,,00:07:40,,460,12,,,,,,,349258,1,7:40,,,,,272.0,297.0,,,,,,,,,,,,,,0,21379,1,21379,11,12,Gat,Zachary,Roussy,,,,,,,,,,,,,,,,,,,,,,,,,,,,,,,,,,,,,,,,,,,,,,,,,,,,,,,,,,,,,,,,,,,,,,,,,,,,,,,,,,
shot,,,1,08:57,,537,12,,,,,,,690410,,8:57,,,,,405.0,272.0,,,,,,,,,,,,,,0,19103,,,,,,,,21388,5,Default,Non quality on net,2,,12,1,,,,19103,13,12,Gat,Jérémie,Dumas-Larouche,21388,35,1,Mon,Jacoby,Weiner,,,,,,,,,,,,,,,,,,,,,,,,,,,,,,,,,,,,,,,,,,,,,,,,,,,,,,,,,,,
shot,,,1,09:05,,545,12,,,,,,,690411,,9:05,,,,,402.0,39.0,,,,,,,,,,,,,,0,19705,,,,,,,,21388,5,Default,Non quality on net,2,,12,1,,,,19705,6,12,Gat,Alexandre,Carbonneau,21388,35,1,Mon,Jacoby,Weiner,,,,,,,,,,,,,,,,,,,,,,,,,,,,,,,,,,,,,,,,,,,,,,,,,,,,,,,,,,,
faceoff,,,,00:09:21,,561,,,,,,,,1,1,9:21,20414,22097,1,5,300.0,150.0,1,20414,14,1,Mon,Teddy,Mutryn,22097,72,12,Gat,Nicholas,Petrut,,,,,,,,,,,,,,,,,,,,,,,,,,,,,,,,,,,,,,,,,,,,,,,,,,,,,,,,,,,,,,,,,,,,,,,,,,,,,,,,,,,,,,,,,,,
shot,,,1,10:29,,629,12,,,,,,,690412,,10:29,,,,,553.0,75.0,,,,,,,,,,,,,,0,20244,,,,,,,,21388,5,Default,Non quality on net,2,,12,1,,,,20244,93,12,Gat,Zackarie,Michaud,21388,35,1,Mon,Jacoby,Weiner,,,,,,,,,,,,,,,,,,,,,,,,,,,,,,,,,,,,,,,,,,,,,,,,,,,,,,,,,,,
shot,,,1,10:34,,634,12,,,,,,,690413,,10:34,,,,,496.0,182.0,,,,,,,,,,,,,,0,19080,,,,,,,,21388,5,Default,Quality on net,1,,12,1,,,,19080,58,12,Gat,Justin,Boisselle,21388,35,1,Mon,Jacoby,Weiner,,,,,,,,,,,,,,,,,,,,,,,,,,,,,,,,,,,,,,,,,,,,,,,,,,,,,,,,,,,
hit,,,,00:12:03,,723,12,,,,,,,349259,1,12:03,,,,,591.0,88.0,,,,,,,,,,,,,,0,20265,1,20265,7,12,Gat,Dylan,Allie,,,,,,,,,,,,,,,,,,,,,,,,,,,,,,,,,,,,,,,,,,,,,,,,,,,,,,,,,,,,,,,,,,,,,,,,,,,,,,,,,,
penalty,,,1,,,814,12,,,,,,,949970,1st,,,,,,,,,,,,,,,,,,,,,0,20589,,,,,,,,,,,,,,,,,,,,,,,,,,,,,,,,,,,,0,,,,,,,,,,,,,,,,,,,,,,,,,,20589,388,1,13:34,0,2.00,2:00,1,Minor,Tripping,20589,19,12,Gat,Yan,Gaudreau,20589,19,12,Gat,Yan,Gaudreau,,,,,,
faceoff,,,,00:13:34,,814,,,,,,,,1,1,13:34,19539,21292,1,2,100.0,206.0,1,19539,9,1,Mon,Gabe,Smith,21292,91,12,Gat,Simon-Xavier,Cyr,,,,,,,,,,,,,,,,,,,,,,,,,,,,,,,,,,,,,,,,,,,,,,,,,,,,,,,,,,,,,,,,,,,,,,,,,,,,,,,,,,,,,,,,,,,
shot,,,1,13:40,,820,1,,,,,,,690414,,13:40,,,,,195.0,209.0,,,,,,,,,,,,,,1,23895,,,,,,,,23743,5,Default,Non quality goal,6,246965,1,12,20414,19539,PP,23895,16,1,Mon,Tommy,Bleyl,23743,90,12,Gat,Danai,Shaiikov,,,,,,,,,,,,,,,,,,,,,,,,,,,,,,,,,,,,,,,,,,,,,,,,,,,,,,,,,,,
goal,,,1,13:40,,820,1,,,,,,,246965,1st,13:40,,,,,195.0,209.0,,,,,,,,,,,,,,1,,,,,,,,,,,,,,,,,20414,19539,,,,,,,,,,,,,,PP,23895,0,1,0,0,0,1,0,0,7,"[{'player_id': '19539', 'jersey_number': '9', 'team_id': '1', 'team_code': 'Mon', 'first_name': 'Gabe', 'last_name': 'Smith'}, {'player_id': '20414', 'jersey_number': '14', 'team_id': '1', 'team_code': 'Mon', 'first_name': 'Teddy', 'last_name': 'Mutryn'}, {'player_id': '23895', 'jersey_number': '16', 'team_id': '1', 'team_code': 'Mon', 'first_name': 'Tommy', 'last_name': 'Bleyl'}, {'player_id': '20164', 'jersey_number': '18', 'team_id': '1', 'team_code': 'Mon', 'first_name': 'Caleb', 'last_name': 'Desnoyers'}, {'player_id': '20447', 'jersey_number': '86', 'team_id': '1', 'team_code': 'Mon', 'first_name': 'Niko', 'last_name': 'Tournas'}]","[{'player_id': '21299', 'jersey_number': '5', 'team_id': '12', 'team_code': 'Gat', 'first_name': 'Michel', 'last_name': 'Myloserdnyy'}, {'player_id': '19103', 'jersey_number': '13', 'team_id': '12', 'team_code': 'Gat', 'first_name': 'Jérémie', 'last_name': 'Dumas-Larouche'}, {'player_id': '20508', 'jersey_number': '18', 'team_id': '12', 'team_code': 'Gat', 'first_name': 'Gabriel', 'last_name': 'Séguin'}, {'player_id': '21292', 'jersey_number': '91', 'team_id': '12', 'team_code': 'Gat', 'first_name': 'Simon-Xavier', 'last_name': 'Cyr'}]",23895,16,1,Mon,Tommy,Bleyl,20414,14,1,Mon,Teddy,Mutryn,19539,9,1,Mon,Gabe,Smith,,,,,,,,,,,,,,,,,,,,,,,,,,,,
faceoff,,,,00:13:40,,820,,,,,,,,1,1,13:40,20414,22097,1,5,300.0,150.0,1,20414,14,1,Mon,Teddy,Mutryn,22097,72,12,Gat,Nicholas,Petrut,,,,,,,,,,,,,,,,,,,,,,,,,,,,,,,,,,,,,,,,,,,,,,,,,,,,,,,,,,,,,,,,,,,,,,,,,,,,,,,,,,,,,,,,,,,
faceoff,,,,00:15:19,,919,,,,,,,,1,1,15:19,23749,19080,0,2,100.0,206.0,12,23749,27,1,Mon,Kuzma,Voronin,19080,58,12,Gat,Justin,Boisselle,,,,,,,,,,,,,,,,,,,,,,,,,,,,,,,,,,,,,,,,,,,,,,,,,,,,,,,,,,,,,,,,,,,,,,,,,,,,,,,,,,,,,,,,,,,
faceoff,,,,00:16:01,,961,,,,,,,,1,1,16:01,19539,20265,0,7,353.0,227.0,12,19539,9,1,Mon,Gabe,Smith,20265,7,12,Gat,Dylan,Allie,,,,,,,,,,,,,,,,,,,,,,,,,,,,,,,,,,,,,,,,,,,,,,,,,,,,,,,,,,,,,,,,,,,,,,,,,,,,,,,,,,,,,,,,,,,
shot,,,1,16:09,,969,1,,,,,,,690415,,16:09,,,,,73.0,149.0,,,,,,,,,,,,,,1,19090,,,,,,,,23743,5,Default,Quality on net,1,,1,12,,,,19090,10,1,Mon,Alex,Mercier,23743,90,12,Gat,Danai,Shaiikov,,,,,,,,,,,,,,,,,,,,,,,,,,,,,,,,,,,,,,,,,,,,,,,,,,,,,,,,,,,
penalty,,,1,,,971,1,,,,,,,949971,1st,,,,,,,,,,,,,,,,,,,,,1,22262,,,,,,,,,,,,,,,,,,,,,,,,,,,,,,,,,,,,0,,,,,,,,,,,,,,,,,,,,,,,,,,22262,403,0,16:11,0,2.00,2:00,1,Minor,Roughing,22262,22,1,Mon,Rian,Chudzinski,22262,22,1,Mon,Rian,Chudzinski,,,,,,
penalty,,,1,,,971,12,,,,,,,949973,1st,,,,,,,,,,,,,,,,,,,,,0,19103,,,,,,,,,,,,,,,,,,,,,,,,,,,,,,,,,,,,0,,,,,,,,,,,,,,,,,,,,,,,,,,19103,403,0,16:11,0,2.00,2:00,1,Minor,Roughing,19103,13,12,Gat,Jérémie,Dumas-Larouche,19103,13,12,Gat,Jérémie,Dumas-Larouche,,,,,,
penalty,,,1,,,971,12,,,,,,,949972,1st,,,,,,,,,,,,,,,,,,,,,0,19705,,,,,,,,,,,,,,,,,,,,,,,,,,,,,,,,,,,,0,,,,,,,,,,,,,,,,,,,,,,,,,,19705,347,1,16:11,0,2.00,2:00,1,Minor,Slashing,19705,6,12,Gat,Alexandre,Carbonneau,19705,6,12,Gat,Alexandre,Carbonneau,,,,,,
faceoff,,,,00:16:11,,971,,,,,,,,1,1,16:11,19539,21292,1,1,100.0,49.0,1,19539,9,1,Mon,Gabe,Smith,21292,91,12,Gat,Simon-Xavier,Cyr,,,,,,,,,,,,,,,,,,,,,,,,,,,,,,,,,,,,,,,,,,,,,,,,,,,,,,,,,,,,,,,,,,,,,,,,,,,,,,,,,,,,,,,,,,,
shot,,,1,16:22,,982,1,,,,,,,690416,,16:22,,,,,63.0,113.0,,,,,,,,,,,,,,1,19539,,,,,,,,23743,5,Default,Quality goal,5,246966,1,12,20164,20447,PP,19539,9,1,Mon,Gabe,Smith,23743,90,12,Gat,Danai,Shaiikov,,,,,,,,,,,,,,,,,,,,,,,,,,,,,,,,,,,,,,,,,,,,,,,,,,,,,,,,,,,
goal,,,1,16:22,,982,1,,,,,,,246966,1st,16:22,,,,,63.0,113.0,,,,,,,,,,,,,,1,,,,,,,,,,,,,,,,,20164,20447,,,,,,,,,,,,,,PP,19539,0,1,0,0,0,0,0,0,17,"[{'player_id': '19539', 'jersey_number': '9', 'team_id': '1', 'team_code': 'Mon', 'first_name': 'Gabe', 'last_name': 'Smith'}, {'player_id': '20414', 'jersey_number': '14', 'team_id': '1', 'team_code': 'Mon', 'first_name': 'Teddy', 'last_name': 'Mutryn'}, {'player_id': '23895', 'jersey_number': '16', 'team_id': '1', 'team_code': 'Mon', 'first_name': 'Tommy', 'last_name': 'Bleyl'}, {'player_id': '20164', 'jersey_number': '18', 'team_id': '1', 'team_code': 'Mon', 'first_name': 'Caleb', 'last_name': 'Desnoyers'}, {'player_id': '20447', 'jersey_number': '86', 'team_id': '1', 'team_code': 'Mon', 'first_name': 'Niko', 'last_name': 'Tournas'}]","[{'player_id': '23933', 'jersey_number': '3', 'team_id': '12', 'team_code': 'Gat', 'first_name': 'Drew', 'last_name': 'McLennan'}, {'player_id': '21299', 'jersey_number': '5', 'team_id': '12', 'team_code': 'Gat', 'first_name': 'Michel', 'last_name': 'Myloserdnyy'}, {'player_id': '20508', 'jersey_number': '18', 'team_id': '12', 'team_code': 'Gat', 'first_name': 'Gabriel', 'last_name': 'Séguin'}, {'player_id': '21292', 'jersey_number': '91', 'team_id': '12', 'team_code': 'Gat', 'first_name': 'Simon-Xavier', 'last_name': 'Cyr'}]",19539,9,1,Mon,Gabe,Smith,20164,18,1,Mon,Caleb,Desnoyers,20447,86,1,Mon,Niko,Tournas,,,,,,,,,,,,,,,,,,,,,,,,,,,,
faceoff,,,,00:16:22,,982,,,,,,,,1,1,16:22,20414,21292,1,5,300.0,150.0,1,20414,14,1,Mon,Teddy,Mutryn,21292,91,12,Gat,Simon-Xavier,Cyr,,,,,,,,,,,,,,,,,,,,,,,,,,,,,,,,,,,,,,,,,,,,,,,,,,,,,,,,,,,,,,,,,,,,,,,,,,,,,,,,,,,,,,,,,,,
shot,,,1,17:34,,1054,12,,,,,,,690417,,17:34,,,,,400.0,237.0,,,,,,,,,,,,,,0,20508,,,,,,,,21388,5,Default,Non quality on net,2,,12,1,,,,20508,18,12,Gat,Gabriel,Séguin,21388,35,1,Mon,Jacoby,Weiner,,,,,,,,,,,,,,,,,,,,,,,,,,,,,,,,,,,,,,,,,,,,,,,,,,,,,,,,,,,
faceoff,,,,00:17:35,,1055,,,,,,,,1,1,17:35,19539,22097,1,9,457.0,206.0,1,19539,9,1,Mon,Gabe,Smith,22097,72,12,Gat,Nicholas,Petrut,,,,,,,,,,,,,,,,,,,,,,,,,,,,,,,,,,,,,,,,,,,,,,,,,,,,,,,,,,,,,,,,,,,,,,,,,,,,,,,,,,,,,,,,,,,
shot,,,1,18:19,,1099,1,,,,,,,690418,,18:19,,,,,131.0,154.0,,,,,,,,,,,,,,1,23749,,,,,,,,23743,5,Default,Quality goal,5,246967,1,12,19619,19528,,23749,27,1,Mon,Kuzma,Voronin,23743,90,12,Gat,Danai,Shaiikov,,,,,,,,,,,,,,,,,,,,,,,,,,,,,,,,,,,,,,,,,,,,,,,,,,,,,,,,,,,
goal,,,1,18:19,,1099,1,,,,,,,246967,1st,18:19,,,,,131.0,154.0,,,,,,,,,,,,,,1,,,,,,,,,,,,,,,,,19619,19528,,,,,,,,,,,,,,,23749,0,0,0,0,0,0,0,0,14,"[{'player_id': '23761', 'jersey_number': '2', 'team_id': '1', 'team_code': 'Mon', 'first_name': 'Max', 'last_name': 'Vilen'}, {'player_id': '20164', 'jersey_number': '18', 'team_id': '1', 'team_code': 'Mon', 'first_name': 'Caleb', 'last_name': 'Desnoyers'}, {'player_id': '19528', 'jersey_number': '24', 'team_id': '1', 'team_code': 'Mon', 'first_name': 'Adam', 'last_name': 'Fortier-Gendron'}, {'player_id': '23749', 'jersey_number': '27', 'team_id': '1', 'team_code': 'Mon', 'first_name': 'Kuzma', 'last_name': 'Voronin'}, {'player_id': '19619', 'jersey_number': '92', 'team_id': '1', 'team_code': 'Mon', 'first_name': 'Gavin', 'last_name': 'Cornforth'}]","[{'player_id': '21299', 'jersey_number': '5', 'team_id': '12', 'team_code': 'Gat', 'first_name': 'Michel', 'last_name': 'Myloserdnyy'}, {'player_id': '19705', 'jersey_number': '6', 'team_id': '12', 'team_code': 'Gat', 'first_name': 'Alexandre', 'last_name': 'Carbonneau'}, {'player_id': '23340', 'jersey_number': '9', 'team_id': '12', 'team_code': 'Gat', 'first_name': 'Louis-Étienne', 'last_name': 'Halley'}, {'player_id': '19080', 'jersey_number': '58', 'team_id': '12', 'team_code': 'Gat', 'first_name': 'Justin', 'last_name': 'Boisselle'}, {'player_id': '20244', 'jersey_number': '93', 'team_id': '12', 'team_code': 'Gat', 'first_name': 'Zackarie', 'last_name': 'Michaud'}]",23749,27,1,Mon,Kuzma,Voronin,19619,92,1,Mon,Gavin,Cornforth,19528,24,1,Mon,Adam,Fortier-Gendron,,,,,,,,,,,,,,,,,,,,,,,,,,,,
goalie_change,24108,,1,18:19,Gat,1099,12,24108,35,12,Gat,Finn,Moffett,,,,,,,,,,,,,,,,,,,,,,,,,,,,,,,,,,,,,,,,,,,,,,,,,,,,,,,,,,,,,,,,,,,,,,,,,,,,,,,,,,,,,,,,,,,,,,,,,,,,,,,,,,,,,,,,,
goalie_change,,23743,1,18:19,Gat,1099,12,,,,,,,,,,,,,,,,,,,,,,,,,,,,,,,,,,,,,,,,,,,,,,,,,,,,,,,,,,,,,,,,,,,,,,,,,,,,,,,,,,,,,,,,,,,,,,,,,,,,,,,,,,,,,,,,,,23743,90,12,Gat,Danai,Shaiikov
faceoff,,,,00:18:19,,1099,,,,,,,,1,1,18:19,20164,19080,1,5,300.0,150.0,1,20164,18,1,Mon,Caleb,Desnoyers,19080,58,12,Gat,Justin,Boisselle,,,,,,,,,,,,,,,,,,,,,,,,,,,,,,,,,,,,,,,,,,,,,,,,,,,,,,,,,,,,,,,,,,,,,,,,,,,,,,,,,,,,,,,,,,,
shot,,,1,19:57,,1197,1,,,,,,,690419,,19:57,,,,,72.0,132.0,,,,,,,,,,,,,,1,19625,,,,,,,,24108,5,Default,Quality on net,1,,1,12,,,,19625,23,1,Mon,Riley,Sampson,24108,35,12,Gat,Finn,Moffett,,,,,,,,,,,,,,,,,,,,,,,,,,,,,,,,,,,,,,,,,,,,,,,,,,,,,,,,,,,
faceoff,,,,00:19:58,,1198,,,,,,,,1,1,19:58,20414,21481,1,1,100.0,49.0,1,20414,14,1,Mon,Teddy,Mutryn,21481,23,12,Gat,Giovanni,Collin,,,,,,,,,,,,,,,,,,,,,,,,,,,,,,,,,,,,,,,,,,,,,,,,,,,,,,,,,,,,,,,,,,,,,,,,,,,,,,,,,,,,,,,,,,,
faceoff,,,,00:00:00,,0,,,,,,,,2,2,0:00,19539,22097,0,5,300.0,150.0,12,19539,9,1,Mon,Gabe,Smith,22097,72,12,Gat,Nicholas,Petrut,,,,,,,,,,,,,,,,,,,,,,,,,,,,,,,,,,,,,,,,,,,,,,,,,,,,,,,,,,,,,,,,,,,,,,,,,,,,,,,,,,,,,,,,,,,
shot,,,2,01:20,,80,1,,,,,,,690428,,1:20,,,,,136.0,64.0,,,,,,,,,,,,,,1,20164,,,,,,,,24108,5,Default,Non quality on net,2,,1,12,,,,20164,18,1,Mon,Caleb,Desnoyers,24108,35,12,Gat,Finn,Moffett,,,,,,,,,,,,,,,,,,,,,,,,,,,,,,,,,,,,,,,,,,,,,,,,,,,,,,,,,,,
shot,,,2,01:21,,81,1,,,,,,,690430,,1:21,,,,,52.0,164.0,,,,,,,,,,,,,,1,19619,,,,,,,,24108,5,Default,Quality on net,1,,1,12,,,,19619,92,1,Mon,Gavin,Cornforth,24108,35,12,Gat,Finn,Moffett,,,,,,,,,,,,,,,,,,,,,,,,,,,,,,,,,,,,,,,,,,,,,,,,,,,,,,,,,,,
faceoff,,,,00:01:28,,88,,,,,,,,2,2,1:28,20164,21292,0,9,143.0,94.0,12,20164,18,1,Mon,Caleb,Desnoyers,21292,91,12,Gat,Simon-Xavier,Cyr,,,,,,,,,,,,,,,,,,,,,,,,,,,,,,,,,,,,,,,,,,,,,,,,,,,,,,,,,,,,,,,,,,,,,,,,,,,,,,,,,,,,,,,,,,,
hit,,,,00:01:32,,92,12,,,,,,,349260,2,1:32,,,,,469.0,10.0,,,,,,,,,,,,,,0,21298,1,21298,22,12,Gat,Noah,Florent,,,,,,,,,,,,,,,,,,,,,,,,,,,,,,,,,,,,,,,,,,,,,,,,,,,,,,,,,,,,,,,,,,,,,,,,,,,,,,,,,,
shot,,,2,01:42,,102,1,,,,,,,690420,,1:42,,,,,179.0,15.0,,,,,,,,,,,,,,1,23761,,,,,,,,24108,5,Default,Non quality on net,2,,1,12,,,,23761,2,1,Mon,Max,Vilen,24108,35,12,Gat,Finn,Moffett,,,,,,,,,,,,,,,,,,,,,,,,,,,,,,,,,,,,,,,,,,,,,,,,,,,,,,,,,,,
hit,,,,00:01:45,,105,1,,,,,,,349261,2,1:45,,,,,288.0,291.0,,,,,,,,,,,,,,1,19555,1,19555,44,1,Mon,Evan,Dépatie,,,,,,,,,,,,,,,,,,,,,,,,,,,,,,,,,,,,,,,,,,,,,,,,,,,,,,,,,,,,,,,,,,,,,,,,,,,,,,,,,,
shot,,,2,02:21,,141,1,,,,,,,690421,,2:21,,,,,210.0,162.0,,,,,,,,,,,,,,1,23747,,,,,,,,24108,5,Default,Non quality on net,2,,1,12,,,,23747,38,1,Mon,Eerik,Wallenius,24108,35,12,Gat,Finn,Moffett,,,,,,,,,,,,,,,,,,,,,,,,,,,,,,,,,,,,,,,,,,,,,,,,,,,,,,,,,,,
faceoff,,,,00:02:37,,157,,,,,,,,2,2,2:37,20414,24067,0,8,143.0,251.0,12,20414,14,1,Mon,Teddy,Mutryn,24067,61,12,Gat,Peter,Legostaev,,,,,,,,,,,,,,,,,,,,,,,,,,,,,,,,,,,,,,,,,,,,,,,,,,,,,,,,,,,,,,,,,,,,,,,,,,,,,,,,,,,,,,,,,,,
shot,,,2,03:05,,185,1,,,,,,,690423,,3:05,,,,,105.0,22.0,,,,,,,,,,,,,,1,20447,,,,,,,,24108,5,Default,Non quality on net,2,,1,12,,,,20447,86,1,Mon,Niko,Tournas,24108,35,12,Gat,Finn,Moffett,,,,,,,,,,,,,,,,,,,,,,,,,,,,,,,,,,,,,,,,,,,,,,,,,,,,,,,,,,,
shot,,,2,03:19,,199,12,,,,,,,690424,,3:19,,,,,471.0,83.0,,,,,,,,,,,,,,0,23340,,,,,,,,21388,5,Default,Quality on net,1,,12,1,,,,23340,9,12,Gat,Louis-Étienne,Halley,21388,35,1,Mon,Jacoby,Weiner,,,,,,,,,,,,,,,,,,,,,,,,,,,,,,,,,,,,,,,,,,,,,,,,,,,,,,,,,,,
faceoff,,,,00:03:20,,200,,,,,,,,2,2,3:20,19625,20244,0,2,500.0,94.0,12,19625,23,1,Mon,Riley,Sampson,20244,93,12,Gat,Zackarie,Michaud,,,,,,,,,,,,,,,,,,,,,,,,,,,,,,,,,,,,,,,,,,,,,,,,,,,,,,,,,,,,,,,,,,,,,,,,,,,,,,,,,,,,,,,,,,,
shot,,,2,03:43,,223,1,,,,,,,690426,,3:43,,,,,187.0,74.0,,,,,,,,,,,,,,1,23895,,,,,,,,24108,5,Default,Non quality on net,2,,1,12,,,,23895,16,1,Mon,Tommy,Bleyl,24108,35,12,Gat,Finn,Moffett,,,,,,,,,,,,,,,,,,,,,,,,,,,,,,,,,,,,,,,,,,,,,,,,,,,,,,,,,,,
hit,,,,00:04:29,,269,12,,,,,,,349262,2,4:29,,,,,87.0,295.0,,,,,,,,,,,,,,0,19103,1,19103,13,12,Gat,Jérémie,Dumas-Larouche,,,,,,,,,,,,,,,,,,,,,,,,,,,,,,,,,,,,,,,,,,,,,,,,,,,,,,,,,,,,,,,,,,,,,,,,,,,,,,,,,,
faceoff,,,,00:04:51,,291,,,,,,,,2,2,4:51,20414,21290,1,2,500.0,94.0,1,20414,14,1,Mon,Teddy,Mutryn,21290,86,12,Gat,Maxim,Dubé,,,,,,,,,,,,,,,,,,,,,,,,,,,,,,,,,,,,,,,,,,,,,,,,,,,,,,,,,,,,,,,,,,,,,,,,,,,,,,,,,,,,,,,,,,,
hit,,,,00:04:56,,296,12,,,,,,,349264,2,4:56,,,,,437.0,287.0,,,,,,,,,,,,,,0,21290,1,21290,86,12,Gat,Maxim,Dubé,,,,,,,,,,,,,,,,,,,,,,,,,,,,,,,,,,,,,,,,,,,,,,,,,,,,,,,,,,,,,,,,,,,,,,,,,,,,,,,,,,
shot,,,2,05:26,,326,1,,,,,,,690431,,5:26,,,,,207.0,29.0,,,,,,,,,,,,,,1,19555,,,,,,,,24108,5,Default,Non quality on net,2,,1,12,,,,19555,44,1,Mon,Evan,Dépatie,24108,35,12,Gat,Finn,Moffett,,,,,,,,,,,,,,,,,,,,,,,,,,,,,,,,,,,,,,,,,,,,,,,,,,,,,,,,,,,
faceoff,,,,00:05:40,,340,,,,,,,,2,2,5:40,20414,21292,0,2,500.0,94.0,12,20414,14,1,Mon,Teddy,Mutryn,21292,91,12,Gat,Simon-Xavier,Cyr,,,,,,,,,,,,,,,,,,,,,,,,,,,,,,,,,,,,,,,,,,,,,,,,,,,,,,,,,,,,,,,,,,,,,,,,,,,,,,,,,,,,,,,,,,,
hit,,,,00:06:52,,412,1,,,,,,,349267,2,6:52,,,,,16.0,225.0,,,,,,,,,,,,,,1,20164,1,20164,18,1,Mon,Caleb,Desnoyers,,,,,,,,,,,,,,,,,,,,,,,,,,,,,,,,,,,,,,,,,,,,,,,,,,,,,,,,,,,,,,,,,,,,,,,,,,,,,,,,,,
hit,,,,00:07:15,,435,1,,,,,,,349268,2,7:15,,,,,491.0,8.0,,,,,,,,,,,,,,1,23995,1,23995,15,1,Mon,Matthew,Virgilio,,,,,,,,,,,,,,,,,,,,,,,,,,,,,,,,,,,,,,,,,,,,,,,,,,,,,,,,,,,,,,,,,,,,,,,,,,,,,,,,,,
shot,,,2,09:54,,594,1,,,,,,,690437,,9:54,,,,,92.0,188.0,,,,,,,,,,,,,,1,23761,,,,,,,,24108,5,Default,Quality on net,1,,1,12,,,,23761,2,1,Mon,Max,Vilen,24108,35,12,Gat,Finn,Moffett,,,,,,,,,,,,,,,,,,,,,,,,,,,,,,,,,,,,,,,,,,,,,,,,,,,,,,,,,,,
shot,,,2,11:07,,667,12,,,,,,,690438,,11:07,,,,,418.0,54.0,,,,,,,,,,,,,,0,21299,,,,,,,,21388,5,Default,Non quality on net,2,,12,1,,,,21299,5,12,Gat,Michel,Myloserdnyy,21388,35,1,Mon,Jacoby,Weiner,,,,,,,,,,,,,,,,,,,,,,,,,,,,,,,,,,,,,,,,,,,,,,,,,,,,,,,,,,,
faceoff,,,,00:11:08,,668,,,,,,,,2,2,11:08,20414,21292,1,2,500.0,94.0,1,20414,14,1,Mon,Teddy,Mutryn,21292,91,12,Gat,Simon-Xavier,Cyr,,,,,,,,,,,,,,,,,,,,,,,,,,,,,,,,,,,,,,,,,,,,,,,,,,,,,,,,,,,,,,,,,,,,,,,,,,,,,,,,,,,,,,,,,,,
penalty,,,2,,,690,1,,,,,,,949974,2nd,,,,,,,,,,,,,,,,,,,,,1,20414,,,,,,,,,,,,,,,,,,,,,,,,,,,,,,,,,,,,0,,,,,,,,,,,,,,,,,,,,,,,,,,20414,364,1,11:30,0,2.00,2:00,1,Minor,High sticking,20414,14,1,Mon,Teddy,Mutryn,20414,14,1,Mon,Teddy,Mutryn,,,,,,
faceoff,,,,00:11:30,,690,,,,,,,,2,2,11:30,19539,22097,1,1,500.0,251.0,1,19539,9,1,Mon,Gabe,Smith,22097,72,12,Gat,Nicholas,Petrut,,,,,,,,,,,,,,,,,,,,,,,,,,,,,,,,,,,,,,,,,,,,,,,,,,,,,,,,,,,,,,,,,,,,,,,,,,,,,,,,,,,,,,,,,,,
shot,,,2,11:42,,702,12,,,,,,,690447,,11:42,,,,,448.0,231.0,,,,,,,,,,,,,,0,22097,,,,,,,,21388,5,Default,Non quality on net,2,,12,1,,,,22097,72,12,Gat,Nicholas,Petrut,21388,35,1,Mon,Jacoby,Weiner,,,,,,,,,,,,,,,,,,,,,,,,,,,,,,,,,,,,,,,,,,,,,,,,,,,,,,,,,,,
shot,,,2,12:05,,725,12,,,,,,,690449,,12:05,,,,,478.0,191.0,,,,,,,,,,,,,,0,22097,,,,,,,,21388,5,Default,Quality on net,1,,12,1,,,,22097,72,12,Gat,Nicholas,Petrut,21388,35,1,Mon,Jacoby,Weiner,,,,,,,,,,,,,,,,,,,,,,,,,,,,,,,,,,,,,,,,,,,,,,,,,,,,,,,,,,,
faceoff,,,,00:12:06,,726,,,,,,,,2,2,12:06,20164,22097,0,1,500.0,251.0,12,20164,18,1,Mon,Caleb,Desnoyers,22097,72,12,Gat,Nicholas,Petrut,,,,,,,,,,,,,,,,,,,,,,,,,,,,,,,,,,,,,,,,,,,,,,,,,,,,,,,,,,,,,,,,,,,,,,,,,,,,,,,,,,,,,,,,,,,
hit,,,,00:13:47,,827,12,,,,,,,349282,2,13:47,,,,,190.0,5.0,,,,,,,,,,,,,,0,19705,1,19705,6,12,Gat,Alexandre,Carbonneau,,,,,,,,,,,,,,,,,,,,,,,,,,,,,,,,,,,,,,,,,,,,,,,,,,,,,,,,,,,,,,,,,,,,,,,,,,,,,,,,,,
shot,,,2,14:41,,881,12,,,,,,,690457,,14:41,,,,,408.0,202.0,,,,,,,,,,,,,,0,20244,,,,,,,,21388,5,Default,Non quality on net,2,,12,1,,,,20244,93,12,Gat,Zackarie,Michaud,21388,35,1,Mon,Jacoby,Weiner,,,,,,,,,,,,,,,,,,,,,,,,,,,,,,,,,,,,,,,,,,,,,,,,,,,,,,,,,,,
penalty,,,2,,,885,1,,,,,,,949975,2nd,,,,,,,,,,,,,,,,,,,,,1,20414,,,,,,,,,,,,,,,,,,,,,,,,,,,,,,,,,,,,0,,,,,,,,,,,,,,,,,,,,,,,,,,20414,378,1,14:45,0,2.00,2:00,1,Minor,Kneeing,20414,14,1,Mon,Teddy,Mutryn,20414,14,1,Mon,Teddy,Mutryn,,,,,,
faceoff,,,,00:14:45,,885,,,,,,,,2,2,14:45,19539,22097,0,1,500.0,251.0,12,19539,9,1,Mon,Gabe,Smith,22097,72,12,Gat,Nicholas,Petrut,,,,,,,,,,,,,,,,,,,,,,,,,,,,,,,,,,,,,,,,,,,,,,,,,,,,,,,,,,,,,,,,,,,,,,,,,,,,,,,,,,,,,,,,,,,
faceoff,,,,00:15:00,,900,,,,,,,,2,2,15:00,19539,22097,0,7,247.0,73.0,12,19539,9,1,Mon,Gabe,Smith,22097,72,12,Gat,Nicholas,Petrut,,,,,,,,,,,,,,,,,,,,,,,,,,,,,,,,,,,,,,,,,,,,,,,,,,,,,,,,,,,,,,,,,,,,,,,,,,,,,,,,,,,,,,,,,,,
faceoff,,,,00:15:46,,946,,,,,,,,2,2,15:46,20164,22097,1,8,143.0,251.0,1,20164,18,1,Mon,Caleb,Desnoyers,22097,72,12,Gat,Nicholas,Petrut,,,,,,,,,,,,,,,,,,,,,,,,,,,,,,,,,,,,,,,,,,,,,,,,,,,,,,,,,,,,,,,,,,,,,,,,,,,,,,,,,,,,,,,,,,,
shot,,,2,15:50,,950,1,,,,,,,690464,,15:50,,,,,201.0,95.0,,,,,,,,,,,,,,1,23895,,,,,,,,24108,5,Default,Non quality on net,2,,1,12,,,,23895,16,1,Mon,Tommy,Bleyl,24108,35,12,Gat,Finn,Moffett,,,,,,,,,,,,,,,,,,,,,,,,,,,,,,,,,,,,,,,,,,,,,,,,,,,,,,,,,,,
faceoff,,,,00:15:51,,951,,,,,,,,2,2,15:51,20164,24067,0,8,143.0,251.0,12,20164,18,1,Mon,Caleb,Desnoyers,24067,61,12,Gat,Peter,Legostaev,,,,,,,,,,,,,,,,,,,,,,,,,,,,,,,,,,,,,,,,,,,,,,,,,,,,,,,,,,,,,,,,,,,,,,,,,,,,,,,,,,,,,,,,,,,
hit,,,,00:17:30,,1050,12,,,,,,,349288,2,17:30,,,,,6.0,114.0,,,,,,,,,,,,,,0,23933,1,23933,3,12,Gat,Drew,McLennan,,,,,,,,,,,,,,,,,,,,,,,,,,,,,,,,,,,,,,,,,,,,,,,,,,,,,,,,,,,,,,,,,,,,,,,,,,,,,,,,,,
shot,,,2,17:46,,1066,1,,,,,,,690473,,17:46,,,,,157.0,214.0,,,,,,,,,,,,,,1,23995,,,,,,,,24108,5,Default,Non quality on net,2,,1,12,,,,23995,15,1,Mon,Matthew,Virgilio,24108,35,12,Gat,Finn,Moffett,,,,,,,,,,,,,,,,,,,,,,,,,,,,,,,,,,,,,,,,,,,,,,,,,,,,,,,,,,,
faceoff,,,,00:17:47,,1067,,,,,,,,2,2,17:47,19619,19080,1,9,143.0,94.0,1,19619,92,1,Mon,Gavin,Cornforth,19080,58,12,Gat,Justin,Boisselle,,,,,,,,,,,,,,,,,,,,,,,,,,,,,,,,,,,,,,,,,,,,,,,,,,,,,,,,,,,,,,,,,,,,,,,,,,,,,,,,,,,,,,,,,,,
shot,,,2,17:58,,1078,1,,,,,,,690474,,17:58,,,,,204.0,249.0,,,,,,,,,,,,,,1,23761,,,,,,,,24108,5,Default,Non quality on net,2,,1,12,,,,23761,2,1,Mon,Max,Vilen,24108,35,12,Gat,Finn,Moffett,,,,,,,,,,,,,,,,,,,,,,,,,,,,,,,,,,,,,,,,,,,,,,,,,,,,,,,,,,,
hit,,,,00:18:19,,1099,12,,,,,,,349291,2,18:19,,,,,585.0,248.0,,,,,,,,,,,,,,0,21321,1,21321,71,12,Gat,Alex,Dagenais,,,,,,,,,,,,,,,,,,,,,,,,,,,,,,,,,,,,,,,,,,,,,,,,,,,,,,,,,,,,,,,,,,,,,,,,,,,,,,,,,,
faceoff,,,,00:18:51,,1131,,,,,,,,2,2,18:51,19625,19080,0,8,143.0,251.0,12,19625,23,1,Mon,Riley,Sampson,19080,58,12,Gat,Justin,Boisselle,,,,,,,,,,,,,,,,,,,,,,,,,,,,,,,,,,,,,,,,,,,,,,,,,,,,,,,,,,,,,,,,,,,,,,,,,,,,,,,,,,,,,,,,,,,
shot,,,2,19:06,,1146,1,,,,,,,690477,,19:06,,,,,157.0,62.0,,,,,,,,,,,,,,1,23895,,,,,,,,24108,5,Default,Non quality on net,2,,1,12,,,,23895,16,1,Mon,Tommy,Bleyl,24108,35,12,Gat,Finn,Moffett,,,,,,,,,,,,,,,,,,,,,,,,,,,,,,,,,,,,,,,,,,,,,,,,,,,,,,,,,,,
shot,,,2,19:24,,1164,1,,,,,,,690479,,19:24,,,,,178.0,63.0,,,,,,,,,,,,,,1,23895,,,,,,,,24108,5,Default,Non quality on net,2,,1,12,,,,23895,16,1,Mon,Tommy,Bleyl,24108,35,12,Gat,Finn,Moffett,,,,,,,,,,,,,,,,,,,,,,,,,,,,,,,,,,,,,,,,,,,,,,,,,,,,,,,,,,,
faceoff,,,,00:19:26,,1166,,,,,,,,2,2,19:26,19539,21290,1,9,143.0,94.0,1,19539,9,1,Mon,Gabe,Smith,21290,86,12,Gat,Maxim,Dubé,,,,,,,,,,,,,,,,,,,,,,,,,,,,,,,,,,,,,,,,,,,,,,,,,,,,,,,,,,,,,,,,,,,,,,,,,,,,,,,,,,,,,,,,,,,
faceoff,,,,00:19:30,,1170,,,,,,,,2,2,19:30,19539,21290,0,9,143.0,94.0,12,19539,9,1,Mon,Gabe,Smith,21290,86,12,Gat,Maxim,Dubé,,,,,,,,,,,,,,,,,,,,,,,,,,,,,,,,,,,,,,,,,,,,,,,,,,,,,,,,,,,,,,,,,,,,,,,,,,,,,,,,,,,,,,,,,,,
shot,,,2,19:48,,1188,1,,,,,,,690480,,19:48,,,,,196.0,230.0,,,,,,,,,,,,,,1,23747,,,,,,,,24108,5,Default,Non quality on net,2,,1,12,,,,23747,38,1,Mon,Eerik,Wallenius,24108,35,12,Gat,Finn,Moffett,,,,,,,,,,,,,,,,,,,,,,,,,,,,,,,,,,,,,,,,,,,,,,,,,,,,,,,,,,,
hit,,,,00:19:59,,1199,1,,,,,,,349298,2,19:59,,,,,12.0,71.0,,,,,,,,,,,,,,1,19539,1,19539,9,1,Mon,Gabe,Smith,,,,,,,,,,,,,,,,,,,,,,,,,,,,,,,,,,,,,,,,,,,,,,,,,,,,,,,,,,,,,,,,,,,,,,,,,,,,,,,,,,
faceoff,,,,00:00:00,,0,,,,,,,,3,3,0:00,20414,22097,1,5,300.0,150.0,1,20414,14,1,Mon,Teddy,Mutryn,22097,72,12,Gat,Nicholas,Petrut,,,,,,,,,,,,,,,,,,,,,,,,,,,,,,,,,,,,,,,,,,,,,,,,,,,,,,,,,,,,,,,,,,,,,,,,,,,,,,,,,,,,,,,,,,,
shot,,,3,00:22,,22,1,,,,,,,690487,,0:22,,,,,197.0,248.0,,,,,,,,,,,,,,1,19528,,,,,,,,24108,5,Default,Non quality on net,2,,1,12,,,,19528,24,1,Mon,Adam,Fortier-Gendron,24108,35,12,Gat,Finn,Moffett,,,,,,,,,,,,,,,,,,,,,,,,,,,,,,,,,,,,,,,,,,,,,,,,,,,,,,,,,,,
hit,,,,00:02:18,,138,12,,,,,,,349304,3,2:18,,,,,73.0,291.0,,,,,,,,,,,,,,0,21292,1,21292,91,12,Gat,Simon-Xavier,Cyr,,,,,,,,,,,,,,,,,,,,,,,,,,,,,,,,,,,,,,,,,,,,,,,,,,,,,,,,,,,,,,,,,,,,,,,,,,,,,,,,,,
hit,,,,00:04:21,,261,1,,,,,,,349305,3,4:21,,,,,2.0,208.0,,,,,,,,,,,,,,1,21450,1,21450,26,1,Mon,Spencer,Thornborough,,,,,,,,,,,,,,,,,,,,,,,,,,,,,,,,,,,,,,,,,,,,,,,,,,,,,,,,,,,,,,,,,,,,,,,,,,,,,,,,,,
shot,,,3,05:10,,310,12,,,,,,,690488,,5:10,,,,,429.0,250.0,,,,,,,,,,,,,,0,20589,,,,,,,,21388,5,Default,Non quality on net,2,,12,1,,,,20589,19,12,Gat,Yan,Gaudreau,21388,35,1,Mon,Jacoby,Weiner,,,,,,,,,,,,,,,,,,,,,,,,,,,,,,,,,,,,,,,,,,,,,,,,,,,,,,,,,,,
shot,,,3,05:30,,330,12,,,,,,,690490,,5:30,,,,,533.0,156.0,,,,,,,,,,,,,,0,24067,,,,,,,,21388,5,Default,Quality on net,1,,12,1,,,,24067,61,12,Gat,Peter,Legostaev,21388,35,1,Mon,Jacoby,Weiner,,,,,,,,,,,,,,,,,,,,,,,,,,,,,,,,,,,,,,,,,,,,,,,,,,,,,,,,,,,
shot,,,3,05:30,,330,12,,,,,,,690489,,5:30,,,,,542.0,207.0,,,,,,,,,,,,,,0,20265,,,,,,,,21388,5,Default,Non quality on net,2,,12,1,,,,20265,7,12,Gat,Dylan,Allie,21388,35,1,Mon,Jacoby,Weiner,,,,,,,,,,,,,,,,,,,,,,,,,,,,,,,,,,,,,,,,,,,,,,,,,,,,,,,,,,,
faceoff,,,,00:05:31,,331,,,,,,,,3,3,5:31,20164,21292,1,9,457.0,206.0,1,20164,18,1,Mon,Caleb,Desnoyers,21292,91,12,Gat,Simon-Xavier,Cyr,,,,,,,,,,,,,,,,,,,,,,,,,,,,,,,,,,,,,,,,,,,,,,,,,,,,,,,,,,,,,,,,,,,,,,,,,,,,,,,,,,,,,,,,,,,
hit,,,,00:05:48,,348,1,,,,,,,349307,3,5:48,,,,,519.0,10.0,,,,,,,,,,,,,,1,23995,1,23995,15,1,Mon,Matthew,Virgilio,,,,,,,,,,,,,,,,,,,,,,,,,,,,,,,,,,,,,,,,,,,,,,,,,,,,,,,,,,,,,,,,,,,,,,,,,,,,,,,,,,
shot,,,3,06:06,,366,1,,,,,,,690493,,6:06,,,,,73.0,155.0,,,,,,,,,,,,,,1,23995,,,,,,,,24108,5,Default,Quality on net,1,,1,12,,,,23995,15,1,Mon,Matthew,Virgilio,24108,35,12,Gat,Finn,Moffett,,,,,,,,,,,,,,,,,,,,,,,,,,,,,,,,,,,,,,,,,,,,,,,,,,,,,,,,,,,
faceoff,,,,00:06:51,,411,,,,,,,,3,3,6:51,19539,19080,1,2,100.0,206.0,1,19539,9,1,Mon,Gabe,Smith,19080,58,12,Gat,Justin,Boisselle,,,,,,,,,,,,,,,,,,,,,,,,,,,,,,,,,,,,,,,,,,,,,,,,,,,,,,,,,,,,,,,,,,,,,,,,,,,,,,,,,,,,,,,,,,,
hit,,,,00:07:19,,439,12,,,,,,,349311,3,7:19,,,,,421.0,293.0,,,,,,,,,,,,,,0,21481,1,21481,23,12,Gat,Giovanni,Collin,,,,,,,,,,,,,,,,,,,,,,,,,,,,,,,,,,,,,,,,,,,,,,,,,,,,,,,,,,,,,,,,,,,,,,,,,,,,,,,,,,
shot,,,3,07:32,,452,1,,,,,,,690499,,7:32,,,,,76.0,197.0,,,,,,,,,,,,,,1,19090,,,,,,,,24108,5,Default,Quality goal,5,246971,1,12,19528,23895,,19090,10,1,Mon,Alex,Mercier,24108,35,12,Gat,Finn,Moffett,,,,,,,,,,,,,,,,,,,,,,,,,,,,,,,,,,,,,,,,,,,,,,,,,,,,,,,,,,,
goal,,,3,7:32,,452,1,,,,,,,246971,3rd,7:32,,,,,76.0,197.0,,,,,,,,,,,,,,1,,,,,,,,,,,,,,,,,19528,23895,,,,,,,,,,,,,,,19090,0,0,0,0,0,0,0,0,19,"[{'player_id': '19539', 'jersey_number': '9', 'team_id': '1', 'team_code': 'Mon', 'first_name': 'Gabe', 'last_name': 'Smith'}, {'player_id': '19090', 'jersey_number': '10', 'team_id': '1', 'team_code': 'Mon', 'first_name': 'Alex', 'last_name': 'Mercier'}, {'player_id': '23895', 'jersey_number': '16', 'team_id': '1', 'team_code': 'Mon', 'first_name': 'Tommy', 'last_name': 'Bleyl'}, {'player_id': '22262', 'jersey_number': '22', 'team_id': '1', 'team_code': 'Mon', 'first_name': 'Rian', 'last_name': 'Chudzinski'}, {'player_id': '19528', 'jersey_number': '24', 'team_id': '1', 'team_code': 'Mon', 'first_name': 'Adam', 'last_name': 'Fortier-Gendron'}]","[{'player_id': '21299', 'jersey_number': '5', 'team_id': '12', 'team_code': 'Gat', 'first_name': 'Michel', 'last_name': 'Myloserdnyy'}, {'player_id': '23340', 'jersey_number': '9', 'team_id': '12', 'team_code': 'Gat', 'first_name': 'Louis-Étienne', 'last_name': 'Halley'}, {'player_id': '19103', 'jersey_number': '13', 'team_id': '12', 'team_code': 'Gat', 'first_name': 'Jérémie', 'last_name': 'Dumas-Larouche'}, {'player_id': '21481', 'jersey_number': '23', 'team_id': '12', 'team_code': 'Gat', 'first_name': 'Giovanni', 'last_name': 'Collin'}, {'player_id': '19080', 'jersey_number': '58', 'team_id': '12', 'team_code': 'Gat', 'first_name': 'Justin', 'last_name': 'Boisselle'}]",19090,10,1,Mon,Alex,Mercier,19528,24,1,Mon,Adam,Fortier-Gendron,23895,16,1,Mon,Tommy,Bleyl,,,,,,,,,,,,,,,,,,,,,,,,,,,,
faceoff,,,,00:07:32,,452,,,,,,,,3,3,7:32,20414,22097,1,5,300.0,150.0,1,20414,14,1,Mon,Teddy,Mutryn,22097,72,12,Gat,Nicholas,Petrut,,,,,,,,,,,,,,,,,,,,,,,,,,,,,,,,,,,,,,,,,,,,,,,,,,,,,,,,,,,,,,,,,,,,,,,,,,,,,,,,,,,,,,,,,,,
shot,,,3,07:45,,465,12,,,,,,,690502,,7:45,,,,,546.0,272.0,,,,,,,,,,,,,,0,22097,,,,,,,,21388,5,Default,Non quality on net,2,,12,1,,,,22097,72,12,Gat,Nicholas,Petrut,21388,35,1,Mon,Jacoby,Weiner,,,,,,,,,,,,,,,,,,,,,,,,,,,,,,,,,,,,,,,,,,,,,,,,,,,,,,,,,,,
shot,,,3,09:30,,570,1,,,,,,,690504,,9:30,,,,,205.0,259.0,,,,,,,,,,,,,,1,23747,,,,,,,,24108,5,Default,Non quality on net,2,,1,12,,,,23747,38,1,Mon,Eerik,Wallenius,24108,35,12,Gat,Finn,Moffett,,,,,,,,,,,,,,,,,,,,,,,,,,,,,,,,,,,,,,,,,,,,,,,,,,,,,,,,,,,
faceoff,,,,00:10:08,,608,,,,,,,,3,3,10:08,20164,21292,1,8,457.0,49.0,1,20164,18,1,Mon,Caleb,Desnoyers,21292,91,12,Gat,Simon-Xavier,Cyr,,,,,,,,,,,,,,,,,,,,,,,,,,,,,,,,,,,,,,,,,,,,,,,,,,,,,,,,,,,,,,,,,,,,,,,,,,,,,,,,,,,,,,,,,,,
shot,,,3,10:16,,616,12,,,,,,,690508,,10:16,,,,,526.0,158.0,,,,,,,,,,,,,,0,20244,,,,,,,,21388,5,Default,Quality on net,1,,12,1,,,,20244,93,12,Gat,Zackarie,Michaud,21388,35,1,Mon,Jacoby,Weiner,,,,,,,,,,,,,,,,,,,,,,,,,,,,,,,,,,,,,,,,,,,,,,,,,,,,,,,,,,,
faceoff,,,,00:10:18,,618,,,,,,,,3,3,10:18,19539,21292,1,9,457.0,206.0,1,19539,9,1,Mon,Gabe,Smith,21292,91,12,Gat,Simon-Xavier,Cyr,,,,,,,,,,,,,,,,,,,,,,,,,,,,,,,,,,,,,,,,,,,,,,,,,,,,,,,,,,,,,,,,,,,,,,,,,,,,,,,,,,,,,,,,,,,
faceoff,,,,00:10:47,,647,,,,,,,,3,3,10:47,19090,21290,0,1,100.0,49.0,12,19090,10,1,Mon,Alex,Mercier,21290,86,12,Gat,Maxim,Dubé,,,,,,,,,,,,,,,,,,,,,,,,,,,,,,,,,,,,,,,,,,,,,,,,,,,,,,,,,,,,,,,,,,,,,,,,,,,,,,,,,,,,,,,,,,,
faceoff,,,,00:10:59,,659,,,,,,,,3,3,10:59,19625,22097,1,2,100.0,206.0,1,19625,23,1,Mon,Riley,Sampson,22097,72,12,Gat,Nicholas,Petrut,,,,,,,,,,,,,,,,,,,,,,,,,,,,,,,,,,,,,,,,,,,,,,,,,,,,,,,,,,,,,,,,,,,,,,,,,,,,,,,,,,,,,,,,,,,
faceoff,,,,00:11:21,,681,,,,,,,,3,3,11:21,19625,19080,0,9,457.0,206.0,12,19625,23,1,Mon,Riley,Sampson,19080,58,12,Gat,Justin,Boisselle,,,,,,,,,,,,,,,,,,,,,,,,,,,,,,,,,,,,,,,,,,,,,,,,,,,,,,,,,,,,,,,,,,,,,,,,,,,,,,,,,,,,,,,,,,,
shot,,,3,11:34,,694,12,,,,,,,690517,,11:34,,,,,397.0,144.0,,,,,,,,,,,,,,0,19705,,,,,,,,21388,5,Default,Non quality on net,2,,12,1,,,,19705,6,12,Gat,Alexandre,Carbonneau,21388,35,1,Mon,Jacoby,Weiner,,,,,,,,,,,,,,,,,,,,,,,,,,,,,,,,,,,,,,,,,,,,,,,,,,,,,,,,,,,
faceoff,,,,00:11:50,,710,,,,,,,,3,3,11:50,20414,19080,1,1,100.0,49.0,1,20414,14,1,Mon,Teddy,Mutryn,19080,58,12,Gat,Justin,Boisselle,,,,,,,,,,,,,,,,,,,,,,,,,,,,,,,,,,,,,,,,,,,,,,,,,,,,,,,,,,,,,,,,,,,,,,,,,,,,,,,,,,,,,,,,,,,
hit,,,,00:12:24,,744,12,,,,,,,349324,3,12:24,,,,,594.0,101.0,,,,,,,,,,,,,,0,20508,1,20508,18,12,Gat,Gabriel,Séguin,,,,,,,,,,,,,,,,,,,,,,,,,,,,,,,,,,,,,,,,,,,,,,,,,,,,,,,,,,,,,,,,,,,,,,,,,,,,,,,,,,
shot,,,3,12:47,,767,12,,,,,,,690521,,12:47,,,,,529.0,135.0,,,,,,,,,,,,,,0,20508,,,,,,,,21388,5,Default,Quality on net,1,,12,1,,,,20508,18,12,Gat,Gabriel,Séguin,21388,35,1,Mon,Jacoby,Weiner,,,,,,,,,,,,,,,,,,,,,,,,,,,,,,,,,,,,,,,,,,,,,,,,,,,,,,,,,,,
penalty,,,3,,,770,1,,,,,,,949981,3rd,,,,,,,,,,,,,,,,,,,,,1,19127,,,,,,,,,,,,,,,,,,,,,,,,,,,,,,,,,,,,0,,,,,,,,,,,,,,,,,,,,,,,,,,19127,344,1,12:50,0,2.00,2:00,1,Minor,Hooking,19127,20,1,Mon,Preston,Lounsbury,19127,20,1,Mon,Preston,Lounsbury,,,,,,
faceoff,,,,00:12:50,,770,,,,,,,,3,3,12:50,19539,22097,0,9,457.0,206.0,12,19539,9,1,Mon,Gabe,Smith,22097,72,12,Gat,Nicholas,Petrut,,,,,,,,,,,,,,,,,,,,,,,,,,,,,,,,,,,,,,,,,,,,,,,,,,,,,,,,,,,,,,,,,,,,,,,,,,,,,,,,,,,,,,,,,,,
shot,,,3,13:46,,826,1,,,,,,,690526,,13:46,,,,,93.0,117.0,,,,,,,,,,,,,,1,23995,,,,,,,,24108,5,Default,Quality goal,5,246973,1,12,20414,,SH,23995,15,1,Mon,Matthew,Virgilio,24108,35,12,Gat,Finn,Moffett,,,,,,,,,,,,,,,,,,,,,,,,,,,,,,,,,,,,,,,,,,,,,,,,,,,,,,,,,,,
goal,,,3,13:46,,826,1,,,,,,,246973,3rd,13:46,,,,,93.0,117.0,,,,,,,,,,,,,,1,,,,,,,,,,,,,,,,,20414,,,,,,,,,,,,,,,SH,23995,0,0,0,0,1,0,0,0,4,"[{'player_id': '23761', 'jersey_number': '2', 'team_id': '1', 'team_code': 'Mon', 'first_name': 'Max', 'last_name': 'Vilen'}, {'player_id': '20414', 'jersey_number': '14', 'team_id': '1', 'team_code': 'Mon', 'first_name': 'Teddy', 'last_name': 'Mutryn'}, {'player_id': '23995', 'jersey_number': '15', 'team_id': '1', 'team_code': 'Mon', 'first_name': 'Matthew', 'last_name': 'Virgilio'}, {'player_id': '23424', 'jersey_number': '71', 'team_id': '1', 'team_code': 'Mon', 'first_name': 'Grayden', 'last_name': 'Robertson-Palmer'}]","[{'player_id': '20265', 'jersey_number': '7', 'team_id': '12', 'team_code': 'Gat', 'first_name': 'Dylan', 'last_name': 'Allie'}, {'player_id': '19103', 'jersey_number': '13', 'team_id': '12', 'team_code': 'Gat', 'first_name': 'Jérémie', 'last_name': 'Dumas-Larouche'}, {'player_id': '19080', 'jersey_number': '58', 'team_id': '12', 'team_code': 'Gat', 'first_name': 'Justin', 'last_name': 'Boisselle'}, {'player_id': '22097', 'jersey_number': '72', 'team_id': '12', 'team_code': 'Gat', 'first_name': 'Nicholas', 'last_name': 'Petrut'}, {'player_id': '21290', 'jersey_number': '86', 'team_id': '12', 'team_code': 'Gat', 'first_name': 'Maxim', 'last_name': 'Dubé'}]",23995,15,1,Mon,Matthew,Virgilio,20414,14,1,Mon,Teddy,Mutryn,,,,,,,,,,,,,,,,,,,,,,,,,,,,,,,,,,
faceoff,,,,00:13:46,,826,,,,,,,,3,3,13:46,20414,20265,1,5,300.0,150.0,1,20414,14,1,Mon,Teddy,Mutryn,20265,7,12,Gat,Dylan,Allie,,,,,,,,,,,,,,,,,,,,,,,,,,,,,,,,,,,,,,,,,,,,,,,,,,,,,,,,,,,,,,,,,,,,,,,,,,,,,,,,,,,,,,,,,,,
faceoff,,,,00:13:53,,833,,,,,,,,3,3,13:53,20414,20265,1,7,353.0,227.0,1,20414,14,1,Mon,Teddy,Mutryn,20265,7,12,Gat,Dylan,Allie,,,,,,,,,,,,,,,,,,,,,,,,,,,,,,,,,,,,,,,,,,,,,,,,,,,,,,,,,,,,,,,,,,,,,,,,,,,,,,,,,,,,,,,,,,,
shot,,,3,14:11,,851,12,,,,,,,690530,,14:11,,,,,514.0,129.0,,,,,,,,,,,,,,0,24067,,,,,,,,21388,5,Default,Quality on net,1,,12,1,,,,24067,61,12,Gat,Peter,Legostaev,21388,35,1,Mon,Jacoby,Weiner,,,,,,,,,,,,,,,,,,,,,,,,,,,,,,,,,,,,,,,,,,,,,,,,,,,,,,,,,,,
hit,,,,00:14:56,,896,1,,,,,,,349330,3,14:56,,,,,255.0,54.0,,,,,,,,,,,,,,1,22262,2,22262,22,1,Mon,Rian,Chudzinski,,,,,,,,,,,,,,,,,,,,,,,,,,,,,,,,,,,,,,,,,,,,,,,,,,,,,,,,,,,,,,,,,,,,,,,,,,,,,,,,,,
shot,,,3,15:05,,905,1,,,,,,,690531,,15:05,,,,,78.0,132.0,,,,,,,,,,,,,,1,22262,,,,,,,,24108,5,Default,Quality goal,5,246974,1,12,19127,,,22262,22,1,Mon,Rian,Chudzinski,24108,35,12,Gat,Finn,Moffett,,,,,,,,,,,,,,,,,,,,,,,,,,,,,,,,,,,,,,,,,,,,,,,,,,,,,,,,,,,
goal,,,3,15:05,,905,1,,,,,,,246974,3rd,15:05,,,,,78.0,132.0,,,,,,,,,,,,,,1,,,,,,,,,,,,,,,,,19127,,,,,,,,,,,,,,,,22262,0,0,0,0,0,0,0,0,11,"[{'player_id': '23761', 'jersey_number': '2', 'team_id': '1', 'team_code': 'Mon', 'first_name': 'Max', 'last_name': 'Vilen'}, {'player_id': '19127', 'jersey_number': '20', 'team_id': '1', 'team_code': 'Mon', 'first_name': 'Preston', 'last_name': 'Lounsbury'}, {'player_id': '22262', 'jersey_number': '22', 'team_id': '1', 'team_code': 'Mon', 'first_name': 'Rian', 'last_name': 'Chudzinski'}, {'player_id': '19625', 'jersey_number': '23', 'team_id': '1', 'team_code': 'Mon', 'first_name': 'Riley', 'last_name': 'Sampson'}, {'player_id': '23747', 'jersey_number': '38', 'team_id': '1', 'team_code': 'Mon', 'first_name': 'Eerik', 'last_name': 'Wallenius'}]","[{'player_id': '20265', 'jersey_number': '7', 'team_id': '12', 'team_code': 'Gat', 'first_name': 'Dylan', 'last_name': 'Allie'}, {'player_id': '23340', 'jersey_number': '9', 'team_id': '12', 'team_code': 'Gat', 'first_name': 'Louis-Étienne', 'last_name': 'Halley'}, {'player_id': '21379', 'jersey_number': '11', 'team_id': '12', 'team_code': 'Gat', 'first_name': 'Zachary', 'last_name': 'Roussy'}, {'player_id': '20589', 'jersey_number': '19', 'team_id': '12', 'team_code': 'Gat', 'first_name': 'Yan', 'last_name': 'Gaudreau'}, {'player_id': '21292', 'jersey_number': '91', 'team_id': '12', 'team_code': 'Gat', 'first_name': 'Simon-Xavier', 'last_name': 'Cyr'}]",22262,22,1,Mon,Rian,Chudzinski,19127,20,1,Mon,Preston,Lounsbury,,,,,,,,,,,,,,,,,,,,,,,,,,,,,,,,,,
faceoff,,,,00:15:05,,905,,,,,,,,3,3,15:05,20164,21292,1,5,300.0,150.0,1,20164,18,1,Mon,Caleb,Desnoyers,21292,91,12,Gat,Simon-Xavier,Cyr,,,,,,,,,,,,,,,,,,,,,,,,,,,,,,,,,,,,,,,,,,,,,,,,,,,,,,,,,,,,,,,,,,,,,,,,,,,,,,,,,,,,,,,,,,,
hit,,,,00:15:36,,936,12,,,,,,,349332,3,15:36,,,,,586.0,216.0,,,,,,,,,,,,,,0,21321,1,21321,71,12,Gat,Alex,Dagenais,,,,,,,,,,,,,,,,,,,,,,,,,,,,,,,,,,,,,,,,,,,,,,,,,,,,,,,,,,,,,,,,,,,,,,,,,,,,,,,,,,
shot,,,3,15:57,,957,12,,,,,,,690533,,15:57,,,,,523.0,169.0,,,,,,,,,,,,,,0,23340,,,,,,,,21388,5,Default,Quality on net,1,,12,1,,,,23340,9,12,Gat,Louis-Étienne,Halley,21388,35,1,Mon,Jacoby,Weiner,,,,,,,,,,,,,,,,,,,,,,,,,,,,,,,,,,,,,,,,,,,,,,,,,,,,,,,,,,,
shot,,,3,17:06,,1026,1,,,,,,,690535,,17:06,,,,,197.0,197.0,,,,,,,,,,,,,,1,19090,,,,,,,,24108,5,Default,Non quality on net,2,,1,12,,,,19090,10,1,Mon,Alex,Mercier,24108,35,12,Gat,Finn,Moffett,,,,,,,,,,,,,,,,,,,,,,,,,,,,,,,,,,,,,,,,,,,,,,,,,,,,,,,,,,,
shot,,,3,17:15,,1035,1,,,,,,,690536,,17:15,,,,,64.0,129.0,,,,,,,,,,,,,,1,21450,,,,,,,,24108,5,Default,Quality on net,1,,1,12,,,,21450,26,1,Mon,Spencer,Thornborough,24108,35,12,Gat,Finn,Moffett,,,,,,,,,,,,,,,,,,,,,,,,,,,,,,,,,,,,,,,,,,,,,,,,,,,,,,,,,,,
hit,,,,00:17:41,,1061,1,,,,,,,349334,3,17:41,,,,,591.0,73.0,,,,,,,,,,,,,,1,23995,1,23995,15,1,Mon,Matthew,Virgilio,,,,,,,,,,,,,,,,,,,,,,,,,,,,,,,,,,,,,,,,,,,,,,,,,,,,,,,,,,,,,,,,,,,,,,,,,,,,,,,,,,
hit,,,,00:18:55,,1135,1,,,,,,,349336,3,18:55,,,,,305.0,11.0,,,,,,,,,,,,,,1,20447,1,20447,86,1,Mon,Niko,Tournas,,,,,,,,,,,,,,,,,,,,,,,,,,,,,,,,,,,,,,,,,,,,,,,,,,,,,,,,,,,,,,,,,,,,,,,,,,,,,,,,,,
faceoff,,,,00:19:13,,1153,,,,,,,,3,3,19:13,19625,21292,1,5,300.0,150.0,1,19625,23,1,Mon,Riley,Sampson,21292,91,12,Gat,Simon-Xavier,Cyr,,,,,,,,,,,,,,,,,,,,,,,,,,,,,,,,,,,,,,,,,,,,,,,,,,,,,,,,,,,,,,,,,,,,,,,,,,,,,,,,,,,,,,,,,,,
faceoff,,,,00:19:23,,1163,,,,,,,,3,3,19:23,19625,21292,1,8,457.0,49.0,1,19625,23,1,Mon,Riley,Sampson,21292,91,12,Gat,Simon-Xavier,Cyr,,,,,,,,,,,,,,,,,,,,,,,,,,,,,,,,,,,,,,,,,,,,,,,,,,,,,,,,,,,,,,,,,,,,,,,,,,,,,,,,,,,,,,,,,,,
faceoff,,,,00:19:57,,1197,,,,,,,,3,3,19:57,19625,21292,0,2,100.0,206.0,12,19625,23,1,Mon,Riley,Sampson,21292,91,12,Gat,Simon-Xavier,Cyr,,,,,,,,,,,,,,,,,,,,,,,,,,,,,,,,,,,,,,,,,,,,,,,,,,,,,,,,,,,,,,,,,,,,,,,,,,,,,,,,,,,,,,,,,,,
